index,class
0,p
1,e
2,p
3,e
4,p
5,p
6,p
7,p
8,p
9,p
10,p
11,p
12,e
13,e
14,e
15,p
16,p
17,p
18,e
19,p
20,p
21,p
22,e
23,e
24,e
25,e
26,p
27,e
28,p
29,p
30,e
31,p
32,e
33,e
34,p
35,e
36,e
37,p
38,e
39,e
40,e
41,e
42,p
43,p
44,p
45,p
46,e
47,p
48,e
49,p
50,p
51,e
52,p
53,e
54,e
55,e
56,e
57,p
58,e
59,p
60,e
61,e
62,e
63,p
64,e
65,p
66,p
67,p
68,p
69,p
70,p
71,e
72,p
73,p
74,p
75,p
76,e
77,p
78,e
79,p
80,e
81,p
82,p
83,e
84,e
85,p
86,p
87,p
88,e
89,e
90,p
91,e
92,p
93,e
94,p
95,e
96,p
97,p
98,e
99,p
100,e
101,e
102,p
103,p
104,e
105,e
106,p
107,p
108,e
109,p
110,e
111,e
112,p
113,e
114,e
115,p
116,p
117,e
118,p
119,p
120,p
121,e
122,e
123,e
124,e
125,e
126,p
127,p
128,e
129,e
130,e
131,p
132,p
133,e
134,p
135,e
136,e
137,e
138,e
139,p
140,e
141,e
142,e
143,e
144,p
145,p
146,e
147,e
148,p
149,e
150,e
151,e
152,p
153,e
154,p
155,e
156,p
157,e
158,p
159,p
160,e
161,e
162,p
163,p
164,p
165,p
166,p
167,e
168,p
169,e
170,e
171,e
172,e
173,p
174,e
175,e
176,p
177,p
178,p
179,p
180,p
181,p
182,p
183,p
184,p
185,e
186,p
187,e
188,e
189,p
190,p
191,e
192,p
193,e
194,p
195,p
196,e
197,p
198,p
199,p
200,e
201,e
202,e
203,p
204,p
205,e
206,e
207,p
208,p
209,p
210,e
211,p
212,p
213,e
214,e
215,e
216,e
217,e
218,e
219,e
220,p
221,e
222,p
223,e
224,p
225,e
226,e
227,e
228,e
229,e
230,e
231,p
232,e
233,e
234,p
235,e
236,p
237,p
238,e
239,e
240,p
241,p
242,p
243,e
244,e
245,e
246,e
247,p
248,e
249,e
250,p
251,e
252,p
253,e
254,e
255,p
256,p
257,e
258,p
259,e
260,e
261,e
262,p
263,e
264,e
265,e
266,p
267,p
268,e
269,p
270,p
271,e
272,p
273,e
274,e
275,e
276,p
277,p
278,p
279,e
280,e
281,e
282,p
283,e
284,e
285,p
286,e
287,e
288,p
289,p
290,e
291,p
292,e
293,p
294,e
295,p
296,e
297,p
298,e
299,e
300,e
301,e
302,p
303,e
304,p
305,p
306,p
307,p
308,p
309,e
310,e
311,p
312,e
313,p
314,p
315,p
316,p
317,e
318,p
319,p
320,p
321,e
322,e
323,e
324,p
325,p
326,e
327,p
328,e
329,e
330,p
331,e
332,e
333,e
334,e
335,p
336,e
337,e
338,e
339,e
340,p
341,e
342,p
343,p
344,p
345,e
346,e
347,e
348,p
349,p
350,p
351,p
352,e
353,e
354,e
355,e
356,e
357,e
358,p
359,p
360,p
361,e
362,p
363,e
364,p
365,e
366,e
367,p
368,e
369,e
370,e
371,p
372,p
373,e
374,e
375,p
376,e
377,p
378,p
379,e
380,e
381,p
382,p
383,e
384,e
385,p
386,e
387,e
388,p
389,p
390,e
391,e
392,e
393,p
394,e
395,p
396,e
397,e
398,e
399,p
400,e
401,e
402,p
403,p
404,p
405,e
406,p
407,e
408,e
409,p
410,e
411,e
412,e
413,e
414,p
415,e
416,e
417,e
418,p
419,e
420,e
421,e
422,p
423,e
424,e
425,p
426,p
427,p
428,p
429,e
430,e
431,e
432,e
433,e
434,p
435,e
436,e
437,e
438,e
439,e
440,p
441,e
442,e
443,e
444,e
445,p
446,p
447,e
448,e
449,e
450,p
451,p
452,e
453,e
454,p
455,p
456,p
457,e
458,e
459,e
460,e
461,p
462,p
463,e
464,e
465,p
466,e
467,p
468,e
469,p
470,p
471,e
472,e
473,p
474,p
475,e
476,e
477,p
478,p
479,p
480,e
481,e
482,p
483,p
484,e
485,p
486,e
487,e
488,p
489,e
490,e
491,e
492,p
493,p
494,e
495,e
496,e
497,e
498,e
499,p
500,p
501,e
502,e
503,e
504,p
505,e
506,p
507,p
508,e
509,e
510,e
511,p
512,e
513,e
514,e
515,e
516,e
517,e
518,e
519,e
520,e
521,e
522,e
523,e
524,p
525,e
526,e
527,p
528,e
529,p
530,e
531,e
532,e
533,e
534,p
535,p
536,p
537,e
538,e
539,p
540,e
541,p
542,e
543,e
544,e
545,e
546,p
547,p
548,e
549,p
550,e
551,p
552,e
553,p
554,p
555,p
556,p
557,e
558,e
559,e
560,p
561,e
562,e
563,p
564,p
565,p
566,e
567,p
568,e
569,p
570,e
571,e
572,e
573,p
574,e
575,e
576,e
577,p
578,e
579,p
580,e
581,e
582,e
583,p
584,e
585,p
586,e
587,e
588,p
589,p
590,p
591,p
592,e
593,p
594,p
595,e
596,p
597,e
598,p
599,p
600,p
601,p
602,e
603,e
604,e
605,e
606,p
607,e
608,e
609,e
610,e
611,e
612,e
613,e
614,p
615,p
616,e
617,p
618,p
619,p
620,e
621,p
622,e
623,p
624,p
625,e
626,p
627,e
628,e
629,p
630,p
631,e
632,e
633,e
634,e
635,e
636,e
637,e
638,e
639,p
640,e
641,p
642,e
643,e
644,e
645,e
646,p
647,e
648,p
649,e
650,e
651,p
652,e
653,e
654,e
655,e
656,p
657,p
658,e
659,e
660,e
661,e
662,p
663,e
664,e
665,e
666,p
667,p
668,e
669,e
670,e
671,p
672,e
673,e
674,p
675,p
676,p
677,p
678,e
679,p
680,p
681,e
682,e
683,p
684,e
685,p
686,p
687,p
688,p
689,e
690,p
691,e
692,p
693,p
694,e
695,e
696,e
697,e
698,e
699,p
700,e
701,p
702,p
703,p
704,e
705,e
706,p
707,p
708,e
709,p
710,p
711,p
712,e
713,p
714,e
715,e
716,p
717,p
718,p
719,p
720,e
721,p
722,e
723,p
724,e
725,e
726,e
727,p
728,e
729,p
730,p
731,e
732,p
733,p
734,e
735,e
736,e
737,e
738,e
739,p
740,e
741,e
742,p
743,e
744,e
745,p
746,p
747,p
748,e
749,e
750,e
751,e
752,e
753,e
754,e
755,e
756,p
757,p
758,p
759,e
760,e
761,p
762,e
763,e
764,e
765,e
766,p
767,p
768,e
769,p
770,p
771,e
772,p
773,e
774,e
775,e
776,e
777,e
778,p
779,p
780,e
781,p
782,p
783,e
784,p
785,p
786,p
787,p
788,e
789,p
790,p
791,e
792,e
793,e
794,p
795,e
796,e
797,p
798,p
799,e
800,e
801,e
802,e
803,e
804,e
805,p
806,e
807,e
808,p
809,p
810,e
811,e
812,e
813,e
814,p
815,e
816,e
817,p
818,e
819,p
820,e
821,e
822,e
823,p
824,e
825,p
826,p
827,e
828,p
829,e
830,e
831,e
832,e
833,e
834,e
835,e
836,e
837,p
838,p
839,e
840,p
841,e
842,p
843,e
844,e
845,p
846,e
847,p
848,e
849,p
850,p
851,p
852,e
853,e
854,p
855,p
856,p
857,e
858,p
859,p
860,p
861,e
862,p
863,p
864,e
865,e
866,e
867,e
868,e
869,p
870,e
871,e
872,e
873,p
874,p
875,e
876,e
877,e
878,e
879,e
880,p
881,p
882,p
883,p
884,e
885,p
886,e
887,e
888,p
889,p
890,p
891,e
892,e
893,e
894,e
895,p
896,p
897,p
898,p
899,e
900,e
901,e
902,e
903,e
904,p
905,e
906,p
907,e
908,e
909,e
910,e
911,e
912,e
913,p
914,p
915,e
916,p
917,p
918,e
919,p
920,e
921,e
922,p
923,p
924,p
925,e
926,e
927,e
928,p
929,p
930,e
931,p
932,e
933,p
934,e
935,p
936,e
937,p
938,e
939,e
940,e
941,e
942,p
943,e
944,p
945,p
946,e
947,e
948,e
949,p
950,p
951,e
952,p
953,e
954,e
955,p
956,e
957,e
958,p
959,p
960,e
961,p
962,e
963,p
964,e
965,e
966,e
967,e
968,e
969,e
970,p
971,p
972,p
973,p
974,e
975,p
976,p
977,p
978,e
979,p
980,p
981,e
982,e
983,p
984,p
985,p
986,e
987,p
988,e
989,e
990,e
991,p
992,p
993,p
994,p
995,p
996,p
997,p
998,e
999,e
1000,p
1001,e
1002,e
1003,p
1004,e
1005,e
1006,e
1007,e
1008,p
1009,p
1010,p
1011,p
1012,p
1013,e
1014,p
1015,p
1016,e
1017,p
1018,e
1019,p
1020,p
1021,p
1022,e
1023,p
1024,p
1025,e
1026,e
1027,p
1028,p
1029,e
1030,p
1031,p
1032,p
1033,e
1034,e
1035,p
1036,e
1037,e
1038,p
1039,e
1040,p
1041,e
1042,e
1043,e
1044,p
1045,e
1046,e
1047,e
1048,p
1049,p
1050,e
1051,e
1052,p
1053,e
1054,p
1055,e
1056,e
1057,e
1058,p
1059,p
1060,e
1061,e
1062,p
1063,p
1064,p
1065,e
1066,e
1067,p
1068,e
1069,p
1070,e
1071,e
1072,e
1073,p
1074,e
1075,e
1076,e
1077,e
1078,e
1079,p
1080,p
1081,p
1082,e
1083,e
1084,e
1085,p
1086,p
1087,p
1088,e
1089,p
1090,p
1091,p
1092,p
1093,p
1094,p
1095,p
1096,p
1097,e
1098,e
1099,e
1100,e
1101,e
1102,e
1103,p
1104,e
1105,p
1106,e
1107,e
1108,p
1109,e
1110,e
1111,p
1112,p
1113,p
1114,e
1115,p
1116,e
1117,p
1118,p
1119,p
1120,e
1121,e
1122,p
1123,e
1124,p
1125,p
1126,p
1127,p
1128,e
1129,e
1130,e
1131,e
1132,e
1133,p
1134,e
1135,e
1136,e
1137,e
1138,p
1139,e
1140,e
1141,p
1142,p
1143,p
1144,e
1145,e
1146,p
1147,e
1148,p
1149,e
1150,p
1151,e
1152,p
1153,p
1154,e
1155,e
1156,e
1157,p
1158,e
1159,e
1160,e
1161,p
1162,p
1163,e
1164,p
1165,p
1166,p
1167,p
1168,p
1169,e
1170,e
1171,e
1172,e
1173,e
1174,p
1175,p
1176,p
1177,e
1178,e
1179,p
1180,p
1181,e
1182,p
1183,p
1184,p
1185,p
1186,e
1187,e
1188,e
1189,p
1190,p
1191,p
1192,e
1193,e
1194,p
1195,p
1196,e
1197,e
1198,e
1199,e
1200,p
1201,p
1202,e
1203,e
1204,p
1205,p
1206,p
1207,p
1208,p
1209,p
1210,e
1211,p
1212,e
1213,e
1214,e
1215,p
1216,e
1217,p
1218,p
1219,e
1220,p
1221,p
1222,p
1223,e
1224,p
1225,p
1226,e
1227,p
1228,e
1229,p
1230,p
1231,p
1232,e
1233,e
1234,p
1235,e
1236,e
1237,e
1238,e
1239,e
1240,p
1241,e
1242,e
1243,p
1244,e
1245,e
1246,p
1247,e
1248,p
1249,p
1250,e
1251,e
1252,e
1253,e
1254,e
1255,p
1256,p
1257,p
1258,e
1259,p
1260,e
1261,p
1262,e
1263,p
1264,p
1265,e
1266,p
1267,p
1268,e
1269,e
1270,p
1271,e
1272,p
1273,e
1274,e
1275,e
1276,p
1277,p
1278,p
1279,e
1280,p
1281,e
1282,p
1283,e
1284,e
1285,e
1286,p
1287,e
1288,e
1289,e
1290,e
1291,p
1292,e
1293,p
1294,p
1295,e
1296,p
1297,e
1298,p
1299,p
1300,e
1301,p
1302,e
1303,e
1304,e
1305,p
1306,p
1307,e
1308,e
1309,e
1310,p
1311,e
1312,e
1313,e
1314,p
1315,p
1316,e
1317,e
1318,e
1319,e
1320,e
1321,e
1322,p
1323,e
1324,e
1325,p
1326,p
1327,e
1328,e
1329,p
1330,e
1331,e
1332,e
1333,e
1334,e
1335,e
1336,e
1337,p
1338,e
1339,e
1340,e
1341,p
1342,p
1343,p
1344,e
1345,p
1346,p
1347,e
1348,p
1349,p
1350,e
1351,e
1352,p
1353,e
1354,e
1355,e
1356,e
1357,e
1358,e
1359,p
1360,e
1361,e
1362,e
1363,p
1364,p
1365,p
1366,e
1367,e
1368,e
1369,e
1370,p
1371,p
1372,p
1373,e
1374,e
1375,e
1376,e
1377,p
1378,e
1379,p
1380,p
1381,p
1382,e
1383,p
1384,p
1385,p
1386,e
1387,e
1388,p
1389,e
1390,p
1391,p
1392,e
1393,p
1394,p
1395,e
1396,p
1397,e
1398,e
1399,p
1400,e
1401,p
1402,p
1403,e
1404,p
1405,p
1406,p
1407,e
1408,e
1409,p
1410,e
1411,e
1412,e
1413,p
1414,e
1415,p
1416,e
1417,p
1418,p
1419,p
1420,e
1421,e
1422,p
1423,p
1424,e
1425,p
1426,p
1427,e
1428,p
1429,p
1430,e
1431,p
1432,e
1433,p
1434,p
1435,e
1436,p
1437,p
1438,e
1439,p
1440,p
1441,e
1442,p
1443,p
1444,e
1445,e
1446,e
1447,e
1448,p
1449,p
1450,e
1451,e
1452,p
1453,p
1454,e
1455,e
1456,e
1457,e
1458,e
1459,p
1460,e
1461,p
1462,e
1463,p
1464,e
1465,e
1466,e
1467,e
1468,p
1469,e
1470,e
1471,p
1472,e
1473,e
1474,p
1475,p
1476,p
1477,p
1478,p
1479,p
1480,e
1481,e
1482,e
1483,p
1484,p
1485,e
1486,e
1487,p
1488,e
1489,e
1490,e
1491,p
1492,p
1493,e
1494,p
1495,e
1496,e
1497,e
1498,p
1499,p
1500,e
1501,e
1502,e
1503,e
1504,e
1505,p
1506,e
1507,e
1508,p
1509,p
1510,e
1511,p
1512,p
1513,e
1514,p
1515,p
1516,p
1517,e
1518,p
1519,e
1520,e
1521,p
1522,e
1523,p
1524,p
1525,e
1526,e
1527,e
1528,e
1529,p
1530,p
1531,p
1532,p
1533,p
1534,p
1535,p
1536,p
1537,p
1538,e
1539,e
1540,e
1541,p
1542,p
1543,p
1544,e
1545,e
1546,e
1547,p
1548,p
1549,p
1550,e
1551,e
1552,e
1553,e
1554,e
1555,e
1556,p
1557,e
1558,e
1559,e
1560,p
1561,e
1562,e
1563,p
1564,e
1565,p
1566,p
1567,e
1568,e
1569,p
1570,p
1571,p
1572,e
1573,e
1574,e
1575,p
1576,e
1577,p
1578,p
1579,p
1580,e
1581,p
1582,e
1583,p
1584,p
1585,p
1586,e
1587,p
1588,p
1589,e
1590,p
1591,p
1592,e
1593,p
1594,e
1595,p
1596,p
1597,p
1598,e
1599,e
1600,p
1601,e
1602,e
1603,p
1604,e
1605,p
1606,p
1607,e
1608,p
1609,e
1610,e
1611,p
1612,p
1613,e
1614,p
1615,p
1616,p
1617,e
1618,e
1619,p
1620,p
1621,p
1622,e
1623,p
1624,e
1625,e
1626,p
1627,p
1628,e
1629,e
1630,e
1631,e
1632,p
1633,e
1634,p
1635,p
1636,e
1637,e
1638,p
1639,e
1640,e
1641,e
1642,e
1643,e
1644,e
1645,e
1646,e
1647,p
1648,e
1649,p
1650,p
1651,p
1652,p
1653,p
1654,p
1655,e
1656,p
1657,p
1658,p
1659,e
1660,p
1661,e
1662,e
1663,p
1664,e
1665,p
1666,p
1667,e
1668,p
1669,p
1670,p
1671,p
1672,e
1673,p
1674,e
1675,p
1676,e
1677,p
1678,e
1679,e
1680,p
1681,p
1682,e
1683,p
1684,e
1685,p
1686,p
1687,p
1688,e
1689,p
1690,e
1691,p
1692,e
1693,p
1694,p
1695,p
1696,p
1697,e
1698,e
1699,e
1700,e
1701,p
1702,p
1703,e
1704,e
1705,e
1706,e
1707,p
1708,p
1709,e
1710,e
1711,e
1712,e
1713,p
1714,p
1715,p
1716,p
1717,p
1718,p
1719,e
1720,p
1721,p
1722,p
1723,p
1724,e
1725,p
1726,e
1727,e
1728,p
1729,e
1730,e
1731,p
1732,e
1733,e
1734,p
1735,e
1736,p
1737,p
1738,e
1739,e
1740,p
1741,p
1742,p
1743,p
1744,e
1745,p
1746,e
1747,e
1748,e
1749,e
1750,e
1751,e
1752,e
1753,p
1754,p
1755,p
1756,e
1757,e
1758,e
1759,e
1760,e
1761,e
1762,p
1763,p
1764,p
1765,e
1766,e
1767,e
1768,p
1769,e
1770,p
1771,p
1772,e
1773,e
1774,e
1775,p
1776,p
1777,e
1778,p
1779,p
1780,p
1781,p
1782,e
1783,e
1784,p
1785,p
1786,e
1787,p
1788,p
1789,e
1790,p
1791,p
1792,p
1793,e
1794,p
1795,p
1796,p
1797,p
1798,p
1799,p
1800,e
1801,p
1802,p
1803,e
1804,p
1805,p
1806,e
1807,p
1808,e
1809,e
1810,p
1811,e
1812,p
1813,p
1814,p
1815,e
1816,e
1817,e
1818,e
1819,p
1820,p
1821,e
1822,p
1823,e
1824,e
1825,e
1826,p
1827,e
1828,p
1829,e
1830,p
1831,p
1832,p
1833,p
1834,e
1835,e
1836,p
1837,p
1838,p
1839,e
1840,e
1841,p
1842,p
1843,e
1844,p
1845,p
1846,p
1847,e
1848,e
1849,p
1850,p
1851,e
1852,e
1853,e
1854,e
1855,p
1856,e
1857,e
1858,p
1859,p
1860,e
1861,p
1862,p
1863,e
1864,p
1865,e
1866,e
1867,e
1868,p
1869,e
1870,e
1871,p
1872,e
1873,e
1874,e
1875,p
1876,e
1877,e
1878,e
1879,e
1880,p
1881,e
1882,p
1883,p
1884,e
1885,p
1886,e
1887,p
1888,p
1889,e
1890,p
1891,e
1892,p
1893,p
1894,e
1895,p
1896,e
1897,e
1898,p
1899,p
1900,p
1901,e
1902,e
1903,e
1904,e
1905,e
1906,e
1907,e
1908,p
1909,e
1910,e
1911,e
1912,e
1913,p
1914,e
1915,e
1916,p
1917,p
1918,e
1919,p
1920,e
1921,e
1922,e
1923,p
1924,e
1925,e
1926,e
1927,e
1928,e
1929,p
1930,e
1931,p
1932,e
1933,p
1934,p
1935,e
1936,p
1937,p
1938,p
1939,p
1940,e
1941,e
1942,e
1943,p
1944,e
1945,e
1946,e
1947,p
1948,p
1949,p
1950,p
1951,p
1952,e
1953,p
1954,e
1955,e
1956,e
1957,e
1958,e
1959,e
1960,p
1961,p
1962,e
1963,e
1964,p
1965,e
1966,p
1967,e
1968,e
1969,e
1970,p
1971,e
1972,p
1973,e
1974,e
1975,e
1976,p
1977,p
1978,p
1979,p
1980,p
1981,e
1982,p
1983,e
1984,e
1985,p
1986,e
1987,p
1988,e
1989,e
1990,p
1991,p
1992,e
1993,e
1994,p
1995,e
1996,e
1997,e
1998,p
1999,p
